Name,Area Average
Layer 1,167.13773
Layer 2,302.35303
Layer 3,352.95657
Layer 4,308.94418
